refcode,linker SMILES,metal,Largest Cavity Diameter,Pore Limiting Diameter,Largest Free Sphere,Gravity,Degree_Centrality,Betweenness_Centrality,Edge_Weight_Sum,Community_ID
ABAYOU,OC(=O)c1cc(cc(c1)C(=O)O)C(=O)O,Co,11.27344,4.5108,11.27344,0.700481604732902,0.36283185840707965,0.01366673783332587,209.18526597651407,320
ACICOH,OC(=O)c1ccncc1,Ni,5.23439,3.67775,5.17003,0.596771674136578,0.387434554973822,0.013454204360089253,62.95612514575357,78
AFOVAT,OC(=O)c1ccc(cc1)c1ccc(cc1)C(=O)O,La,6.397,4.99848,6.31381,0.8366777300390676,0.2838709677419355,0.26901150610235897,37.66911595110573,38
AHOKIR01,OP(=O)(CCCCP(=O)(O)O)O,Cu,4.25517,3.48028,4.25517,0.9219205953108879,0.34782608695652173,0.032867494824016553,7.047098223186821,342
AHONIU,OC(=O)c1cccc(c1)C(=O)O,Sm,2.75654,1.50813,2.75508,0.7549469182438229,0.3932584269662921,0.08790460908347957,29.574385111205775,525
ALEQIT,OC(=O)c1ccc(cc1)C(=O)O,Tb,2.33632,1.40235,2.31142,0.7236473305128956,0.5846153846153846,0.03360140459531169,98.73803244777133,17
ALICII,[nH]1cnnc1,Cu,9.4646,9.44604,9.4646,1.0,1.0,0.010633050300232963,18.885930344666225,41
ALUJEX,OC(=O)c1ccc(cc1)C(=O)O,La,4.21186,1.415,4.15505,0.6929918579594803,0.3870967741935484,0.06253969941234108,51.57895296237323,38
ALUJOH,OC(=O)c1ccc(cc1)C(=O)O,Nd,4.23007,1.46065,4.09972,0.7981868052963429,0.3984375,0.13456051553926757,43.8082129127416,92
ALUJUN,OC(=O)c1ccc(cc1)C(=O)O,Y,2.72505,1.11645,2.54188,1.0,0.8333333333333333,0.13653937373887456,26.15101528477348,117
AMIKOX,n1ccc(cc1)[C@@H]1[C@@H](c2ccncc2)[C@@H]([C@H]1c1ccncc1)c1ccncc1,Cd,3.47183,2.70035,3.46539,0.9455182457171787,0.043478260869565216,0.0,2.4522671872065995,30
AMIXOK,OC(=O)c1ccc(cc1)C(=O)O,Nd,2.04656,0.8728,2.04656,0.6282713282576147,0.390625,0.041594798836690955,43.09718802386712,92
ASUKEE01,n1ccc(cc1)c1ccncc1,Cu,4.79531,3.45398,4.62079,0.7950480731267907,0.4977578475336323,0.030522121646859756,95.21371788389821,46
ATICEL,OC=O,Mn,4.92685,3.92515,4.92685,0.8158515822667717,0.9044943820224719,0.0008443538020666485,160.62777222486767,96
AVAQAP,OC(=O)c1ccc(cc1)C(=O)O,Nd,2.40942,1.50209,2.40942,0.6535300725645524,0.40625,0.04272801027386272,44.955015986016164,92
AVAQET,OC(=O)c1ccc(cc1)C(=O)O,Sm,2.28438,1.15155,2.2142,0.8559068093733639,0.5168539325842696,0.09255576799921754,39.47214056198421,525
AVOFUM,OC(=O)c1ccc(cc1)C(=O)O,Ag,1.32025,0.72471,1.32025,0.7271315143402142,0.14864864864864866,0.14839837511088041,27.983177797001538,193
AVUCEA,OC(=O)c1cc(cc(c1)C(=O)O)C(=O)O,Co,6.42752,3.7088,6.42391,0.8122338226613819,0.4056047197640118,0.017558962919381135,232.77015063071545,320
AWEZEI,c1ccc(nc1)c1ccccn1,Mn,1.83098,0.90881,1.81901,0.7538863157940898,0.016771488469601678,1.417757878832875e-05,7.429856331139552,80
BADHIA,OC(=O)c1ccc(cc1)C(=O)O,Sc,4.01973,3.00401,3.79822,0.9145633438804084,0.8085106382978723,0.002536917313369808,37.15025044580255,23
BAFREH,OC(=O)c1cc2[nH]cnc2cc1C(=O)O,Gd,1.90178,0.8661,1.89546,0.9863141658824072,0.03773584905660378,3.317145662500331e-06,4.890942095498678,230
BEDREK,OC(=O)c1cc(cc(c1)c1ccc(cc1)c1n[nH]cc1)C(=O)O,Mn,3.68718,1.34497,3.68718,0.6383671738453398,0.0859538784067086,2.6880666931886165e-05,33.305533958283604,80
BELQAN,O=C(c1ccc(cc1)c1cccnc1)Nc1cc(cc(c1)C(=O)O)C(=O)O,Mn,4.21493,2.18447,4.20702,0.7563747639103384,0.03773584905660378,0.00025320222110366934,15.352399580545404,80
BENBIH,OC(=O)c1ccc(cc1)c1ccc(nc1)C(=O)O,Cd,1.72981,0.98251,1.56375,0.6297605738295083,0.07598039215686274,0.0007401256404456366,51.78019907316874,69
BESKUI,OC(=O)c1ccc(cc1)C(=O)O,Zr,8.98379,3.85594,8.98377,0.6719004764991614,0.8370786516853932,0.011720479501101316,131.2784369810731,9
BODPAN,OC(=O)c1cc(cc(c1)C(=O)O)C(=O)O,Cu,11.00022,5.27879,10.96834,0.6135738665626118,0.5107102593010147,0.004994716084605931,393.7760733571009,7
BOHWUS,OC(=O)c1cc(cc(c1)C(=O)O)C(=O)O,Zr,18.51108,12.44368,18.50375,0.7202254373214347,0.46629213483146065,0.05547108569380415,69.60880342485514,9
BOJYIK,OC(=O)c1ccc(cc1)C(=O)O,Tb,2.82325,1.20848,2.8096,0.6790840262665462,0.5641025641025641,0.0276845637057634,95.15375850275106,17
BOJYIK01,OC(=O)c1ccc(cc1)C(=O)O,Tb,2.85372,1.49712,2.85372,0.7239268422859256,0.5846153846153846,0.033683232463732685,98.7160539997297,17
BOVHEB,OC(=O)c1ccc(cc1)c1ccc(cc1)c1nnn[nH]1,Zn,5.46444,1.81617,5.0181,0.6812203958644605,0.12286995515695068,3.374762940108384e-05,114.70411957208644,16
BUKLOJ,OC(=O)c1ccc(cc1)C(=O)O,Co,2.08383,0.97097,2.07775,0.7481413725826366,0.3805309734513274,0.015219022062912025,221.56899115280336,320
BUKLOJ01,OC(=O)c1ccc(cc1)C(=O)O,Co,2.02578,1.01877,1.92523,0.8073451216590698,0.40412979351032446,0.017189376892572085,234.41563096880495,320
CAJHUS,OC=O,Fe,2.92677,2.42135,2.92677,0.9177035921733161,0.9058823529411765,0.001750067413385822,76.82214924310627,5
CAYQAV,OC(=O)c1[nH]nc(c1)C(=O)O,Ce,1.8071,0.94022,1.79982,0.7097381870890742,0.046511627906976744,0.0,3.612516359380778,172
CAYROK,c1ccc(cc1)/C/1=C/2\C=CC(=N2)/C(=c/2\cc/c(=C(\C3=N/C(=C(/c4[nH]c1cc4)\c1ccncc1)/C=C3)/c1ccccc1)/[nH]2)/c1ccncc1,Zn,6.45738,4.90391,6.45738,0.5395963495577539,0.09448818897637795,0.002894332538296889,11.150698030233368,18
CEHKUW,OC(=O)c1cc(cc(c1)C(=O)O)C(=O)O,Cd,5.88571,4.00517,5.88474,0.6565480733677586,0.3517156862745098,0.008981587375184112,244.20390950392903,69
CEJFUU,OC(=O)c1cccnc1,Mn,3.49502,1.48468,2.95593,0.7396162504761951,0.12578616352201258,0.0008779300028800065,49.998644212708214,80
CELDAA,OC(=O)c1ccc(cc1)C(=O)O,Ce,2.10775,0.85524,2.10775,0.7448687867708698,0.5813953488372093,0.06460243670306376,43.428951367278835,172
CENQAP,OC(=O)c1ccc(cc1)c1ccc(cc1)N(c1ccc(cc1)c1ccc(cc1)C(=O)O)c1ccc(cc1)c1ccc(cc1)C(=O)O,Zn,15.21239,13.05982,15.20554,0.6937441195424818,0.22690582959641256,0.0001167727077945299,219.83684990386183,16
CESYEF,OC(=O)c1ccncc1,Ag,3.28814,2.88315,3.28814,0.4353135881232071,0.0990990990990991,0.05228883747998143,18.199795595175402,193
CIBTIT,OC(=O)c1cc(cc(c1)C(=O)O)C(=O)O,Mn,6.12196,4.45694,5.86896,0.7788494274312603,0.429769392033543,0.010324167200697062,175.07141911802572,80
CIFMIP,OC(=O)c1cc(cc(c1)C(=O)O)C(=O)O,Co,7.12759,4.35844,7.12759,0.7884919087950311,0.40117994100294985,0.01624104597119677,230.07068427872144,320
CIPLIX,OC(=O)c1cc(cc(c1)C(=O)O)C(=O)O,Co,4.38327,3.81414,4.37097,0.7352929241244883,0.387905604719764,0.013571966423073923,223.45550006938262,320
CUFDUD,OC(=O)c1cc(cc(c1)C(=O)O)C(=O)O,In,6.88557,5.43298,6.87879,0.7620570425584308,0.6767676767676768,0.014464296253396328,116.88430485693098,102
CUJCOB,OC(=O)c1ccc(cc1)NNc1ccc(cc1)C(=O)O,Dy,2.62086,1.28773,1.96905,0.7693913715482655,0.23008849557522124,0.008547042658083466,22.094943472588206,355
CUMLUT,OC(=O)c1cc(cc(c1)C(=O)O)C(=O)O,Cd,5.63779,3.90273,5.6133,0.6609718911344226,0.35784313725490197,0.008671323656889595,249.89100522608766,69
CUZBUW,OC(=O)c1ccc(cc1)C(=O)O,Co,2.77106,1.62101,2.71758,0.7953165273139151,0.3952802359882006,0.01728046666441063,228.78205587545864,320
DADLEC,OC(=O)c1ccc(cc1)c1ccc(cc1)N(c1ccc(cc1)c1ccc(cc1)C(=O)O)c1ccc(cc1)c1ccc(cc1)C(=O)O,Mn,5.05644,3.52422,4.79982,0.7335837196755693,0.11740041928721175,0.00011020606442658075,47.75510270179848,80
DADTOS18,OC=O,Mn,3.74361,2.27391,3.74361,0.7936542600358542,0.9044943820224719,0.000829974603774773,160.91851798838118,96
DADTUY10,OC=O,Co,3.53653,2.05503,3.53392,0.9139424188805003,0.8059701492537313,0.002071716382695064,53.92387547363012,197
DALVIY,N#Cc1cc(cc(c1)C(=O)O)C(=O)O,Gd,7.6727,4.96059,7.66485,0.9089813596826095,0.07547169811320756,7.844111233689547e-05,10.11931963642525,230
DEHFUR,OC(=O)CCP(CCC(=O)O)CCC(=O)O,Zn,4.62142,2.24048,4.60478,0.8990576281240888,0.136986301369863,0.00034714672271749896,8.461939503881462,0
DEHHEG,n1ccc(cc1)c1ccncc1,Zn,1.73656,1.093,1.58756,1.0,0.15748031496062992,0.1091605827223433,17.522068928478223,18
DEKGOS,CCCc1[nH]nc(n1)CCC,Cu,4.30833,2.6855,4.30833,0.6912981730333425,0.48717948717948717,0.24102099412817177,16.001051413559384,1
DENGAH,OC(=O)c1cnccn1,Mn,4.16651,3.16881,4.09151,0.7576388137097456,0.012578616352201259,2.5962817715823408e-05,5.5497267790642715,80
DICJUW,OC(=O)c1ccc(cn1)C(=O)O,La,3.60851,1.54033,3.60344,0.5130458899359496,0.05161290322580645,0.010613501743663083,6.834527508246202,38
DIHVIB01,OC(=O)c1cc(cc(c1)C(=O)O)C(=O)O,Cu,11.10795,5.23475,11.10078,0.6211862290163437,0.5163472378804961,0.005246602118753295,397.88192572290995,7
DIWMON,Oc1cc(ccc1c1ccc(cc1O)C(=O)O)C(=O)O,Sr,5.93843,3.74701,5.93532,0.7168622199615353,0.20588235294117646,0.0007411390320154954,11.913940367355194,4
DOJXOQ,OC(=O)c1cccc(c1)C(=O)O,Pr,4.85133,1.77514,4.85133,0.8974021517139721,0.27450980392156865,0.1393235600391479,23.139725039730084,15
DOTSOV,OC(=O)c1cc(cc(c1)C(=O)O)C(=O)O,Cu,13.28529,6.69388,13.2526,0.610910473019475,0.508455467869222,0.004964236300778837,392.22090566408565,7
DOTSOV01,OC(=O)c1cc(cc(c1)C(=O)O)C(=O)O,Cu,13.26605,6.70864,13.25791,0.6186085556762362,0.5140924464487034,0.005251176078602559,396.1610638753957,7
DOTSOV03,OC(=O)c1cc(cc(c1)C(=O)O)C(=O)O,Cu,13.26916,6.69991,13.26291,0.6099430860945692,0.5073280721533258,0.005046835838488498,391.23092473940824,7
DOTSOV06,OC(=O)c1cc(cc(c1)C(=O)O)C(=O)O,Cu,13.27506,6.69775,13.26692,0.6160103142022741,0.5129650507328072,0.004973372339619525,395.37579501225713,7
DOTSOV08,OC(=O)c1cc(cc(c1)C(=O)O)C(=O)O,Cu,13.27874,6.69364,13.27874,0.6181978077078917,0.5140924464487034,0.005185427208744912,395.9719805699965,7
DOTSOV09,OC(=O)c1cc(cc(c1)C(=O)O)C(=O)O,Cu,13.27969,6.69391,13.27155,0.6096200890004774,0.5073280721533258,0.004979224499029669,391.2352324366783,7
DOTSOV10,OC(=O)c1cc(cc(c1)C(=O)O)C(=O)O,Cu,13.2809,6.693,13.2809,0.6122150585621368,0.5095828635851184,0.004974573895866289,392.9914194381624,7
DOTSOV11,OC(=O)c1cc(cc(c1)C(=O)O)C(=O)O,Cu,13.28248,6.69212,13.28248,0.6243354589140808,0.5197294250281849,0.005060270109136226,400.7548181514811,7
DOTSOV12,OC(=O)c1cc(cc(c1)C(=O)O)C(=O)O,Cu,13.28543,6.69498,13.27729,0.6120779136110537,0.5095828635851184,0.004940823294977048,393.041744726696,7
DOTSOV14,OC(=O)c1cc(cc(c1)C(=O)O)C(=O)O,Cu,13.28526,6.69335,13.27711,0.6133877709815153,0.5107102593010147,0.0048810983345562884,394.49659451729576,7
DOTSOV15,OC(=O)c1cc(cc(c1)C(=O)O)C(=O)O,Cu,13.28483,6.69498,13.28483,0.6106317161330167,0.508455467869222,0.004919792338081032,392.09088124300246,7
DOTSOV17,OC(=O)c1cc(cc(c1)C(=O)O)C(=O)O,Cu,13.28174,6.69826,13.2736,0.6133685244289184,0.5107102593010147,0.0049506557699304735,393.78917033757136,7
DOTSOV18,OC(=O)c1cc(cc(c1)C(=O)O)C(=O)O,Cu,13.28037,6.69526,13.27223,0.6129874518325049,0.5118376550169109,0.004533505730283547,395.2999551189727,7
DOTSOV19,OC(=O)c1cc(cc(c1)C(=O)O)C(=O)O,Cu,13.27857,6.70017,13.27857,0.6219198670641437,0.5174746335963923,0.0051668305176142066,398.3772716033116,7
DOTSOV20,OC(=O)c1cc(cc(c1)C(=O)O)C(=O)O,Cu,13.27673,6.70116,13.27673,0.6180349678748969,0.5140924464487034,0.005046696810699516,396.9805164377103,7
DOTSOV23,OC(=O)c1cc(cc(c1)C(=O)O)C(=O)O,Cu,13.27309,6.70158,13.27309,0.6072459668376926,0.5050732807215332,0.00503407123370206,389.4379467333194,7
DOTSOV25,OC(=O)c1cc(cc(c1)C(=O)O)C(=O)O,Cu,13.2671,6.70526,13.25896,0.6234395725692794,0.5186020293122886,0.005106077423988488,400.2616522294196,7
DOTSOV27,OC(=O)c1cc(cc(c1)C(=O)O)C(=O)O,Cu,13.26279,6.70744,13.26279,0.609223746071428,0.5073280721533258,0.004911763258181159,391.0914234932573,7
DOTSOV28,OC(=O)c1cc(cc(c1)C(=O)O)C(=O)O,Cu,13.26279,6.71096,13.26279,0.6091597451674204,0.5073280721533258,0.004847343339988656,391.5829661371581,7
DOTSOV31,OC(=O)c1cc(cc(c1)C(=O)O)C(=O)O,Cu,13.25458,6.71033,13.24644,0.6084879574516451,0.5062006764374295,0.005071851995667442,389.81936470853316,7
DOTSOV36,OC(=O)c1cc(cc(c1)C(=O)O)C(=O)O,Cu,13.2123,6.68326,13.2123,0.6222835544884431,0.5174746335963923,0.005201183027569385,398.7741854439691,7
DOTSOV37,OC(=O)c1cc(cc(c1)C(=O)O)C(=O)O,Cu,13.20839,6.69149,13.20214,0.6092572964164122,0.5073280721533258,0.004917248806076488,391.10576102790645,7
DOTSOV38,OC(=O)c1cc(cc(c1)C(=O)O)C(=O)O,Cu,13.20691,6.67619,13.20067,0.617495512849153,0.5140924464487034,0.004994765715827483,396.40116558196945,7
DOTSOV40,OC(=O)c1cc(cc(c1)C(=O)O)C(=O)O,Cu,13.20186,6.69019,13.19581,0.6109099902495951,0.508455467869222,0.005016886105925607,391.7136054946685,7
DOTSOV42,OC(=O)c1cc(cc(c1)C(=O)O)C(=O)O,Cu,13.3131,6.68673,13.3131,0.6105249093804163,0.508455467869222,0.00485816244626922,392.46999123813623,7
DOTSOV43,OC(=O)c1cc(cc(c1)C(=O)O)C(=O)O,Cu,13.28139,6.7011,13.27325,0.6166547378573295,0.5129650507328072,0.005083600599751315,395.6044110217016,7
DUBWON,OC(=O)c1ccc(c(c1)C(=O)O)O,Zn,2.46942,1.13477,2.46942,0.6759927370109929,0.22869955156950672,0.00748684198121467,212.21903180739548,16
DULVEM,OC(=O)c1cc2[nH]cnc2cc1C(=O)O,Mg,2.04787,1.32574,2.03307,0.7750663977691872,0.035398230088495575,4.415483007362238e-05,3.446144030143019,236
DUVNIS,OC(=O)c1cc(cc(c1)C(=O)O)C(=O)O,Co,7.93261,5.95927,7.92841,0.7511563150962861,0.3893805309734513,0.014623195404660044,224.29453280321422,320
DUVNIS01,OC(=O)c1cc(cc(c1)C(=O)O)C(=O)O,Co,8.0107,5.96334,8.00464,0.7512478816110854,0.38348082595870203,0.01531285200241306,220.4044227665495,320
EBEWIT,OC(=O)c1cc(cc(c1)C(=O)O)C(=O)O,Gd,6.07189,5.61928,6.06832,0.9164045604075539,0.46540880503144655,0.05918859639785215,63.39116887130808,230
EBEWOZ01,OC(=O)c1cc(cc(c1)C(=O)O)C(=O)O,Gd,6.98007,6.59754,6.98007,0.9278091310615235,0.4528301886792453,0.05272069159517302,61.96476715228784,230
EBEXAM,OC(=O)c1cc(cc(c1)C(=O)O)C(=O)O,Gd,6.14522,5.71157,6.14522,0.9831279087949426,0.4716981132075472,0.05738030927951165,64.5033149782926,230
EBEXEQ,OC(=O)c1cc(cc(c1)C(=O)O)C(=O)O,Gd,4.54125,3.69238,4.54125,0.9535752771858981,0.4716981132075472,0.053059385778748525,64.28626740519886,230
EBEXEQ01,OC(=O)c1cc(cc(c1)C(=O)O)C(=O)O,Gd,4.55547,3.66511,4.53502,0.974696944299065,0.4528301886792453,0.0598645157957829,61.69541229306106,230
EBIFIG,OC(=O)c1ccc(c(c1)S(O)(O)O)C(=O)O,Pb,2.03257,1.16732,1.99957,0.64045484024751,0.178343949044586,0.01152864475474813,23.08395867445611,575
EBOTIB,OC(=O)c1ccc(cc1)C(=O)O,Zr,8.86493,3.77839,8.85931,0.6815677893802979,0.848314606741573,0.011866095065249542,133.4955938998859,9
ECIWAO,OC(=O)/C=C/c1ccncc1,Zn,2.68257,1.93606,2.67364,0.6766673365761906,0.015246636771300448,0.0012309410317803582,14.623595686787695,16
ECOLOZ,OC(=O)CCCc1nnn[nH]1,Zn,2.20819,1.51426,2.14274,0.8807785034634509,0.07874015748031496,0.007552825314484106,8.673164167338536,18
EGEBEY,N[C@H](C(=O)O)CS,Cd,1.47402,0.73305,1.45097,0.9001512057736314,0.30000000000000004,0.0004784688995215311,4.942344560047532,403
EHAZAO,OC(=O)c1ccc(cc1)C(=O)O,Eu,2.08014,1.33194,2.07746,0.7453603881219775,0.5447154471544716,0.022901937238710098,116.50664933255234,208
EHAZES,OC(=O)c1ccc(cc1)C(=O)O,Eu,1.56701,0.70146,1.54157,0.7044204859310976,0.5162601626016261,0.021542824796600787,109.99226993808227,208
EKERIW,n1ccc(cc1)c1ccncc1,Cu,4.47851,1.70622,4.47851,0.9118801347460953,0.4977578475336323,0.0464708354836906,94.83705657968017,46
EKEXOI,OC(=O)c1cc(cc(c1)C(=O)O)C(=O)O,Co,1.83255,1.26211,1.83255,0.784199128532117,0.3967551622418879,0.01641963676274391,227.2324123267719,320
EKUNON02,OC(=O)c1cc(ccc1C(=O)O)C(=O)O,Cd,1.59605,0.91153,1.59605,0.6302423102329053,0.18627450980392157,0.005810993501503258,127.98801541213396,69
ELUQIM05,OC=O,Zn,2.89924,2.42534,2.89924,0.8624416689125624,0.8676470588235294,0.002110726006426436,58.86596104828875,106
EQUCUO06,C(Cn1cnnn1)CCn1cnnn1,Fe,4.84894,2.214,4.84894,1.0,0.894736842105263,0.009347450794819214,16.304912130249622,226
ETUWOG,OC(=O)c1ccc(cc1)C(=O)O,Co,4.3132,2.14095,4.3132,0.8069861126606185,0.4056047197640118,0.017002925818238104,235.20439840892362,320
EXEQII,OC(=O)c1cc(cc(c1)C(=O)O)c1cc(cc(c1)C(=O)O)C(=O)O,Sc,7.24354,7.11342,7.24354,0.8509356089750174,0.8085106382978723,0.022137103254935973,31.652862465616796,23
EXUTAU,OC(=O)c1ccc(cc1)C(=O)O,Eu,2.12255,0.7617,2.12116,0.719190028738286,0.5325203252032521,0.020919235311305805,113.86671556897169,208
FECYUJ,OC(=O)c1ccc2c(c1)ccc(c2)C(=O)O,Zn,9.54146,5.15384,8.40039,0.6796497182907357,0.3327354260089686,0.000743716336517571,313.36407641646133,16
FENTEY,OC(=O)c1cc(cc(c1)C(=O)O)C(=O)O,Cd,2.88458,1.72141,2.88089,0.6578955721724205,0.3553921568627451,0.008715149767901513,247.72357785067555,69
FENWAX01,OC(=O)c1cc(ccc1O)S(O)(O)O,Na,1.6558,0.58465,1.57177,0.8781107184407594,0.08695652173913043,0.08695652173913043,1.6542866677105976,299
FEPGAL,OC(=O)c1ccc(cc1c1cccc(c1)c1cc(ccc1C(=O)O)C(=O)O)C(=O)O,Zn,8.87781,5.77115,8.87781,0.6816677328793628,0.16591928251121077,0.0003768967306752314,152.06820833287966,16
FERLEU,OC(=O)c1cc(cc(c1)C(=O)O)C(=O)O,Ag,1.85075,0.91162,1.84608,0.5739444232703271,0.13513513513513514,0.03147052627373249,25.874313535649392,193
FIQCEN,OC(=O)c1cc(cc(c1)C(=O)O)C(=O)O,Cu,11.12495,5.23719,11.12495,0.623309314668015,0.5186020293122886,0.005105073307708881,400.0108259550358,7
FISJEZ,OC(=O)c1cc(n2cncc2)c(cc1n1cncc1)C(=O)O,Zn,5.08302,4.25344,5.08302,0.7369093140611461,0.023622047244094488,8.927455496634347e-06,2.6233108137727688,18
FIXLAC,OC(=O)c1cc(cc(c1)C(=O)O)C(=O)O,Co,6.04964,4.4042,6.03843,0.8033681200229992,0.4056047197640118,0.01686805510998902,232.97099402544566,320
FODGOW,OC(=O)c1cc(cc(c1)Oc1ccc(cc1)C(=O)O)Oc1ccc(cc1)C(=O)O,Sr,2.42996,1.19507,2.27535,0.7220339413613978,0.23529411764705882,0.0018953961980305572,13.529302395506143,4
FOJKIA,OC(=O)c1ccc(c2c1cccc2)C(=O)O,Mg,5.14315,4.1527,5.13081,0.8893626016876908,0.07964601769911504,0.006454808878196815,8.065593008875714,236
FONPUV,OC(=O)c1ccc(cc1c1ccc(cc1)C(=O)O)C(=O)O,Zn,5.6211,5.0791,5.47689,0.6787992496002316,0.22869955156950672,0.0013190230718379355,214.8810438211647,16
FUTYEA,OC(=O)c1cc(cc(c1)C(=O)O)C(=O)O,Zn,5.60643,4.51803,5.59058,0.7065189015545359,0.4654708520179372,0.0035744094232408696,449.9488953981894,16
FUVBAB,OC(=O)c1cc(cc(c1)C(=O)O)C(=O)O,Zn,5.41797,4.41204,5.39267,0.6735143101935083,0.48789237668161434,0.003993549761290001,471.2409803292628,16
GACVIS,OC(=O)c1cc(cc(c1)C(=O)O)C(=O)O,Ni,7.02111,4.80739,7.02111,0.6445015813330417,0.40314136125654454,0.020566504158889772,66.42908425311155,78
GAHWIX,O=C(c1cc(cc(c1)C(=O)Nc1ccc(cc1)C(=O)O)C(=O)Nc1ccc(cc1)C(=O)O)Nc1ccc(cc1)C(=O)O,Zn,10.30301,6.20723,10.30301,0.6725556409708839,0.21434977578475337,0.00030576590425014107,200.8156486266621,16
GEBYOE,OC(=O)c1ccc(cc1)Oc1cncc(c1)C(=O)O,Mn,2.8937,1.49833,2.87669,0.7220097382326357,0.05660377358490566,0.0005600393305753716,23.466668720978063,80
GEJJEL01,OC(=O)CCC(=O)O,Nd,4.82747,3.83497,4.7424,0.9997052505001864,0.9615384615384616,0.016965100246000463,22.46412496660013,155
GISMAY,OC(=O)c1ccc(cc1)OCC(COc1ccc(cc1)C(=O)O)(COc1ccc(cc1)C(=O)O)COc1ccc(cc1)C(=O)O,Zn,7.56113,5.5145,7.12706,0.6716984976945937,0.12197309417040358,0.0003654389389746851,116.48536238936416,16
GIXTUF,OC(=O)c1cc(Sc2cc(cc(c2)C(=O)O)C(=O)O)cc(c1)C(=O)O,Cd,14.93891,14.2311,14.93891,0.6323478356558457,0.10661764705882353,9.212949298258638e-05,73.65455461698693,69
GOBXAY,OC(=O)c1ccc(cc1)C(=O)O,Ce,2.9849,1.50123,2.9743,0.7114761139336373,0.5813953488372093,0.0678333205357621,43.44636231821936,172
GOYLUB,OC(=O)c1ccc(cc1)C(=O)O,Cd,2.89911,1.38465,2.88786,0.9564946316948225,0.4068627450980392,0.02173255568259871,284.98697679063963,69
GUKVAK,OC(=O)c1cc(C(=O)O)c(cc1C(=O)O)C(=O)O,Al,3.08595,1.55626,3.08065,0.8401589423268875,0.17391304347826086,0.011437137099727972,10.586765793056369,20
GUTZEB,OC(=O)c1ccc2c(c1)ccc(c2)C(=O)O,Pb,1.72794,0.81299,1.72794,0.6555208268155738,0.2611464968152866,0.0020008050228089297,34.816062395397246,575
GUXSUO,OC(=O)c1ccc(cn1)C(=O)O,Pr,3.10413,2.10634,2.56923,0.828354982120709,0.09803921568627451,0.007225870479475328,8.599234081737324,15
HAFWAO,OC(=O)c1cc(cc(c1)C(=O)O)c1cc(cc(c1)C(=O)O)C(=O)O,Zn,9.40055,7.02144,9.35707,0.6924158027515238,0.3632286995515695,0.0016016984760305352,349.88994694928493,16
HEMZOR,n1ccncc1,Cu,3.53526,2.48627,3.44831,0.798581231703388,0.14798206278026907,0.00010727898658286733,28.928471698759967,46
HEQTAB,OC(=O)c1cc(cc(c1)C(=O)O)c1cc(cc(c1)C(=O)O)C(=O)O,Pb,5.89824,1.5565,5.62926,0.6311812984926214,0.22929936305732485,0.01801037182540009,30.572261061910414,575
HESVOR,OC(=O)c1cc(cc(n1)C(=O)O)c1cc(nc(c1)C(=O)O)C(=O)O,Zn,4.41465,3.00485,4.41465,0.6834522614464544,0.021524663677130046,7.818978009411916e-05,19.705098365159177,16
HISGAT,OC(=O)c1ccc(cc1)S(=O)(=O)c1ccc(cc1)C(=O)O,K,4.7031,1.10045,4.65671,0.5253460293086045,0.225,0.33317978317978314,7.480298038707624,82
HIZQEN,OC(=O)c1ccc(cc1)C(=O)O,Cd,2.63051,1.2438,2.63051,0.9950079303903258,0.4154411764705882,0.023263895794472623,290.7892606684187,69
HIZQEN01,OC(=O)c1ccc(cc1)C(=O)O,Cd,2.62852,1.21571,2.62852,0.964304668927173,0.4056372549019608,0.022312067504176344,283.5539064476766,69
HOGSIG,OC(=O)c1ccncc1,Ni,5.41085,3.95106,5.41085,0.5985286467339895,0.387434554973822,0.01385518472000971,63.12588419069445,78
HOKLOK,OC(=O)c1ccc(cc1)n1c2ccc(cc2c2c1ccc(c2)C(=O)O)C(=O)O,Zn,5.60027,4.05978,5.57987,0.6743486724346941,0.11210762331838565,0.00011287299914315046,103.83067219992176,16
HURGEH,OC(=O)c1cc(cc(c1)C(=O)O)C(=O)O,Co,6.54682,4.3575,6.53532,0.8190849325067565,0.4085545722713864,0.017732549245017545,234.85905664269478,320
HUVGEM,OC(=O)c1cc(cc(c1)Oc1ccc(cc1)C(=O)O)Oc1ccc(cc1)C(=O)O,Zn,4.26279,3.444,4.25534,0.6754834705605344,0.20358744394618833,0.00017323891870396065,191.2758171310989,16
IMAGAG,N(Cc1ccncc1)CCNCc1ccncc1,Zn,5.58285,4.41962,5.54447,1.0,0.28,0.00017543859649122808,5.616508837884439,241
IMIDZB02,c1ncc[nH]1,Zn,4.35981,2.43355,4.29864,1.0,1.0,0.006200109000214324,36.94428211145856,130
IMUTUG,OC(=O)c1cc(cc(c1)C(=O)O)C(=O)O,In,8.06501,5.41869,8.04646,0.7785402672026666,0.6414141414141414,0.017990789486055973,110.55492647573152,102
IMUVAO,OC(=O)c1cc(cc(c1)C(=O)O)C(=O)O,In,7.88428,5.11059,7.88194,0.7580656394203678,0.6262626262626263,0.017504690466221214,107.29334952669791,102
IMUVES,OC(=O)c1cc(cc(c1)C(=O)O)C(=O)O,In,8.07179,5.61744,7.93597,0.7687315675032895,0.6767676767676768,0.015000078693133589,116.59805968205133,102
INECOV,OC(=O)c1ccc(cc1)c1ccc(cc1)C(=O)O,Pr,5.22934,4.0875,5.12194,0.5954145161551411,0.21568627450980393,0.056088209707166034,18.940318211151027,15
INIZAG,OC(=O)c1ccc(cc1)C(=O)O,Pb,1.83468,0.69587,1.83468,0.6559194552054889,0.5222929936305732,0.038736737647545275,71.72928154409671,575
IQAGEN,OC(=O)c1ccc(cc1)OCc1ccncc1,Zn,3.26811,1.38819,3.26811,0.6863876840037488,0.12286995515695068,0.0009343430741392674,113.34885035868953,16
IQUCOO,OC(=O)c1cc(C#Cc2cc(cc(c2)C(=O)O)C(=O)O)cc(c1)C(=O)O,Mg,2.20246,1.23306,2.18808,0.7852670139946436,0.16814159292035397,0.000248892701955132,16.049699979828823,236
IREKUN,OC(=O)c1cc(c2cccc(c2)C(=O)O)c(cc1c1cccc(c1)C(=O)O)C(=O)O,Zn,1.69286,1.14398,1.68404,0.6768151965012681,0.06547085201793722,0.0002457835160890898,61.52558273659957,16
ISIYUF05,OC=O,Er,4.27677,2.98328,4.27677,1.0,0.75,0.0035058092062736023,14.995634557699615,167
IWEQOR,OC(=O)c1cc(cc(c1)n1cnnc1)C(=O)O,Mn,2.32632,1.3844,2.24874,0.7167038303065453,0.06918238993710692,1.0798111856009038e-05,28.490242838667022,80
IXIRIS,[nH]1nnc(n1)Cc1ccc(cc1)Cc1[nH]nnn1,Zn,2.59758,1.20413,2.58879,0.5449832190508327,0.03937007874015748,0.00114298483252364,4.22783607926742,18
IXITIU02,OC(=O)c1ccc(cc1)C(=O)O,Eu,5.21189,2.95542,5.09046,0.710985068558061,0.5203252032520326,0.02174423838614999,111.31047626581348,208
IXITOA02,OC(=O)c1ccc(cc1)C(=O)O,Eu,5.87165,2.682,5.7905,0.7323782311052439,0.5365853658536586,0.0224115818018507,114.27666347857966,208
IXOFAD,OC(=O)c1ccc(cc1)C(=O)O,V,7.25388,6.74514,7.17487,0.9851851851851852,0.9516129032258064,0.0031561918710521996,54.79216722801407,59
IXOFIL,OC(=O)c1ccc(cc1)C(=O)O,V,7.13056,6.66962,7.12593,0.9651194707004105,0.9516129032258064,0.0030422030280042936,54.74253034820783,59
IZAVUA,OC(=O)c1cc(cc(c1)S(O)(O)O)C(=O)O,La,2.19397,1.39515,2.18006,0.6653739876018848,0.1032258064516129,0.006918860542316623,13.26728582280598,38
IZUPEA,OC=O,Ni,3.68775,1.80691,3.68775,1.0,0.9705882352941176,0.007570262792376761,32.92359576371031,32
JEDVEW,OC(=O)c1cc(cc(c1)C(=O)O)C(=O)O,Cd,7.77107,6.16806,7.76659,0.6427529711213498,0.3541666666666667,0.007936251796979103,246.88047554431685,69
JEDVUM,OC(=O)c1cc(cc(c1)C(=O)O)C(=O)O,Co,5.89007,5.14676,5.87667,0.7394554532487205,0.38348082595870203,0.01441602989551048,220.3226183176524,320
JEGJUD,OC(=O)c1ccnc(c1)c1nccc(c1)C(=O)O,Mg,2.34879,1.02959,2.33583,0.6928480052635546,0.21238938053097345,0.0015676633987009665,20.344901931019194,236
JENQUR,NNc1ccc(cc1)C(=O)O,Zn,2.99714,1.39594,2.66943,0.6895944792221462,0.15964125560538117,1.711733345512156e-05,151.8802751794514,16
JEWYAM,n1nnc([nH]1)c1cc(cc(c1)c1n[nH]nn1)c1nnn[nH]1,Mn,15.95961,6.3885,13.19254,0.7387620208218646,0.023060796645702306,0.00048180826624964393,10.154829602153125,80
JOPGIG,OC(=O)c1cc(cc(c1)C(=O)O)C(=O)O,Co,5.77163,3.85312,5.72108,0.7919660962295245,0.4056047197640118,0.016006942781426323,232.79714206818596,320
JOPGOM,OC(=O)c1cc(cc(c1)C(=O)O)C(=O)O,Co,5.81684,3.75577,5.68721,0.7867936239833999,0.4056047197640118,0.015607653832255085,232.85443741605803,320
JOPGUS,OC(=O)c1cc(cc(c1)C(=O)O)C(=O)O,Co,6.22103,5.02344,6.21544,0.7351682073218103,0.3805309734513274,0.014428334408629527,218.39463689896826,320
JOQQAJ,OC(=O)c1ccc(cc1)C(=O)O,Co,7.17636,5.42872,7.17636,0.7439977226725302,0.3967551622418879,0.013140670618091897,230.44233810410762,320
JUJMOS,CN(c1ccc(cc1)C(=O)O)c1ccc(cc1)C(=O)O,Zn,10.00461,3.46118,10.00461,0.6777916157404993,0.15784753363228698,1.76580616898242e-05,151.23704930312937,16
JUJNAF,CN(c1ccc(cc1)C(=O)O)c1ccc(cc1)C(=O)O,Zn,8.07764,2.29968,8.07764,0.6724650436571957,0.16233183856502242,1.7529982540448986e-05,155.3350978789573,16
JUNBUR,OC(=O)c1cc(cc(c1)C(=O)O)C(=O)O,Cd,6.35397,5.2162,6.34252,0.6296152886776312,0.3492647058823529,0.007568592306816992,243.7778642159886,69
KAJZIH,OC(=O)c1cc(cc(c1)C(=O)O)C(=O)O,Cu,7.14961,5.83428,7.14961,0.6232012487281655,0.5140924464487034,0.006139672330940024,396.8005945116867,7
KARMOH,OC(=O)c1ccc(cc1)c1ccc(cc1)C(=O)O,Ni,14.49001,10.03953,14.49001,0.715202875858558,0.36649214659685864,0.06076741045534924,59.95181081761069,78
KEDWOI,OC(=O)c1ccc(cc1)C(=O)O,In,10.38821,5.84454,10.38601,0.7314827369554597,0.6818181818181819,0.011796439912949687,118.17749423148838,102
KEDZIF,OC(=O)c1ccc(cc1)C(=O)O,Cd,6.82152,6.60021,6.82152,0.8539373382085448,0.39828431372549017,0.0164959979792189,278.6933244630927,69
KEGTEY,OC(=O)c1cc(cc(c1)c1cc(nc(c1)c1ccccn1)c1ccccn1)C(=O)O,Zn,6.20727,4.66091,6.20727,0.6771810688954869,0.11838565022421525,0.004711907326939727,108.37108817965293,16
KENYIO,c1ccc(nc1)N/N=C/c1ccc(cc1)N(c1ccc(cc1)/C=N/Nc1ccccn1)c1ccc(cc1)/C=N/Nc1ccccn1,Ag,6.14421,4.23228,5.45885,0.966003034772609,0.7000000000000001,0.0054995540376890735,32.47693411198909,105
KEPMUQ02,c1ccc(nc1)N/N=C/c1ccc(cc1)N(c1ccc(cc1)/C=N/Nc1ccccn1)c1ccc(cc1)/C=N/Nc1ccccn1,Ag,5.94858,4.22496,5.39396,0.8993730507152305,0.76,0.0063248539753160285,35.07585144795783,105
KIKMAV,OC(=O)c1ccc(cc1)C(=O)O,Yb,3.21389,1.81161,2.83206,0.9020473361687911,0.8,0.0418922655304545,28.55142070399609,63
KOBGOY02,OC(=O)Cn1cnnn1,Cu,1.19258,0.72968,1.19258,1.0,0.2631578947368421,0.060428849902534124,4.2987117644685044,399
KOCWAB,OC(=O)c1ccc(cc1)c1nnn[nH]1,Mn,2.09128,1.24929,2.09128,0.7531575969946646,0.07547169811320756,0.009649145547399108,30.333539468038317,80
KOKDAQ,n1ccc(cc1)c1[nH]nc(c1)c1ccncc1,Cu,4.56361,1.63267,3.97258,0.8401637961349737,0.08071748878923767,2.847556196915595e-05,14.916360692565295,46
KOXFUA,COc1c(c2c(OC)c(cc(c2OC)c2ccncc2)c2ccncc2)c(OC)c(cc1c1ccncc1)c1ccncc1,Cd,4.69443,3.97759,4.69443,0.6418975432002827,0.007352941176470588,5.639678138973363e-05,5.099702927479247,69
KUJMEJ,OC(=O)c1cc(cc(c1)C(=O)O)C(=O)O,Cd,2.44861,1.3204,2.44792,0.6835906553565092,0.3590686274509804,0.00991605760398721,249.95492178444465,69
KUPYUQ,CCCCc1nnn(c1)Cc1ccncc1,Cu,4.22654,1.47886,4.22654,0.811609211370659,0.008968609865470852,0.0,1.9434888698825583,46
KUZPEC,n1ccc(cc1)CCc1ccncc1,Ag,5.17179,3.98335,5.17179,0.567626308654098,0.04504504504504504,0.4669129472138733,8.292711779781852,193
LACFUS,OC(=O)c1ccc(cc1)C(=O)O,Pb,2.76283,1.4183,2.74303,0.6523710628789617,0.5222929936305732,0.0352959775848457,72.28575326593374,575
LAGWEX,OC(=O)c1ccc(cc1)C(=O)O,Cd,6.18277,5.12998,6.18277,0.9064220817278071,0.4117647058823529,0.01840396312149941,288.5909258643348,69
LAGWIB,OC(=O)c1ccc(cc1)C(=O)O,Co,7.33121,5.00581,7.16504,0.7810120249086648,0.4144542772861357,0.014009645683108701,240.76421085237746,320
LARPOL,OC(=O)c1cc(cc(c1)C(=O)O)C(=O)O,Fe,6.67923,4.60459,6.67923,0.615062304162551,0.4565217391304348,0.04025722732199378,55.23281938746857,109
LARYEK,OC(=O)c1ccc(cc1)C(=O)O,Eu,1.96691,1.35859,1.94865,0.7714673922676383,0.5406504065040652,0.027859839995965797,115.14505698316952,208
LARYIO01,OC(=O)c1ccc(cc1)C(=O)O,Gd,1.9453,1.34169,1.94099,0.9385988820225454,0.44654088050314467,0.05577971044432254,60.61253733978255,230
LARYOU,OC(=O)c1ccc(cc1)C(=O)O,Tb,1.95094,1.33942,1.90491,0.6870764017659289,0.5538461538461539,0.03247666216581221,93.16280633741634,17
LASMUP,OC(=O)c1cc(cc(c1)n1cnnc1)C(=O)O,Zn,1.76531,0.90597,1.76531,0.6787734025730043,0.09596412556053811,4.3166940190887804e-05,90.45342944127812,16
LAVTEJ01,OC(=O)c1cc(cc(c1)C(=O)O)C(=O)O,Dy,6.92288,6.53286,6.92288,0.7633553525526212,0.49557522123893805,0.05585768645352409,48.24506511018758,355
LECMUE01,OC(=O)c1cc(CN2C=C[C@@H](C=C2)/C=C/c2ccncc2)cc(c1)C(=O)O,Zn,4.07716,1.52566,4.07716,0.6851468275547754,0.010762331838565023,1.1671997983549753e-05,10.58141299709321,16
LETVUB,n1ccc(cc1)c1ccncc1,Cu,4.95993,3.1555,4.93542,0.8301727189777851,0.5067264573991032,0.033859191517378734,97.00759572602031,46
LIJWUX01,OC=O,Mg,1.83866,1.00525,1.83866,1.0,0.7976190476190476,0.0013880915665498061,66.89538295081647,145
LIPSUB,OC(=O)c1ccc2c(c1)S(=O)(=O)c1c2ccc(c1)C(=O)O,Ba,1.94832,1.19223,1.91405,0.9198356967734772,0.0449438202247191,0.00011866254843782933,3.4690121033590264,26
LIRVAK,n1ccc(cc1)c1ccncc1,Cu,6.81515,5.45904,6.70788,0.8226333371128478,0.4977578475336323,0.03438745148275312,94.76093167800785,46
LOBQAV01,OC(=O)c1ccc(cc1)C(=O)O,Tb,2.73176,1.53416,2.41049,0.6870594935077454,0.5641025641025641,0.029640785252222076,95.2692708142817,17
LOMQOV,OC(=O)c1ccc(cc1)C(=O)O,Co,2.48817,1.4683,2.45044,0.7961475317939206,0.41002949852507375,0.015646780494803975,238.35966093185274,320
LOQLEJ,OC(=O)c1ccc(cc1)C(=O)O,In,14.68759,14.39096,14.66331,0.7205125217590765,0.6767676767676768,0.0113228896602333,117.09569588026412,102
LUDLIH,OC(=O)c1cc(cc(c1)C(=O)O)C(=O)O,Cu,11.1007,5.25092,11.00402,0.6226443937262605,0.5186020293122886,0.0049410765659039565,400.25831364844294,7
LUWKEV,OC(=O)c1ccc(cc1)C(=O)O,Cd,7.61739,7.39459,7.61739,0.8075145791953415,0.3799019607843137,0.01532485988693132,265.99854181089574,69
LUYSOP,OC(=O)c1ccc(cc1)C(=O)O,Co,15.21554,13.85224,15.21554,0.759924931430798,0.3938053097345133,0.014723969982513737,228.1245165087304,320
MAGBON,OC(=O)c1cc(cc(c1)P(=O)(O)O)C(=O)O,Zn,6.77313,5.2032,6.75742,0.6768175099921518,0.13632286995515694,0.0007151013410686461,130.72839246127873,16
MAGVOG20,NCCN,Ag,3.81924,3.0828,3.81924,1.0,0.861111111111111,0.004419759567762371,30.99559967480372,81
MAGXOK,OC(=O)c1cc(cc(c1)C(=O)O)C(=O)O,Bi,10.3172,9.59375,10.31411,0.9442343561118989,0.7142857142857142,0.042801140658283526,13.460765072008469,53
MAHCIK,OC(=O)c1ccc(cc1)N1c2ccc(cc2Oc2c1ccc(c2)C(=O)O)C(=O)O,Zn,18.77734,7.81499,18.77734,0.7057337773795374,0.07443946188340807,1.8761520690915984e-06,68.00792351415127,16
MAHTAR01,OC(=O)c1ccc(cc1)C(=O)O,Mn,2.7428,1.499,2.7428,0.6369272359309827,0.46540880503144655,0.016116626634389095,191.8461402810388,80
MAQDUD01,OC(=O)c1ccc(cc1)C(=O)O,Li,1.45874,0.94428,1.45874,0.868363552287982,0.8200000000000001,0.052531896248530066,35.811187344927575,88
MAYJOM,OC(=O)c1ccc(cc1)C(=O)O,In,6.51956,6.14293,6.51763,0.7249699153130817,0.6818181818181819,0.0113107235531556,118.15582398944645,102
MEFSOI,c1ccc2c(c1)n(cn2)c1ccc(cc1)n1cnc2c1cccc2,Zn,2.19876,1.10002,2.12886,0.90239489183499,0.8421052631578947,0.05613444853469067,26.27870849264122,76
MEGPEV,OC(=O)c1ccc(c2c1cccc2)C(=O)O,Sm,5.26498,1.80349,5.26498,0.7650393483450189,0.056179775280898875,0.017159960658387735,4.254616847772934,525
MIBYAA,OC(=O)c1ccc2c(c1)C1(c3c2cccc3)c2ccccc2c2c1cc(cc2)C(=O)O,Er,4.55242,1.19484,3.64346,0.870368543962985,0.12359550561797752,1.8941732424878492e-05,8.844201526021735,33
MIRNOR01,n1ccc(cc1)c1ccncc1,Cu,1.81172,1.12422,1.8099,0.8293486333641368,0.4887892376681614,0.036651165938226024,93.23654516786729,46
MITSEO,OC(=O)c1cc(cc(c1)C(=O)O)C(=O)O,Cd,9.69251,6.61422,9.69251,0.6442959332875486,0.35661764705882354,0.00783396104488756,248.2764849272828,69
MITTAL,OC(=O)c1cc(cc(c1)C(=O)O)C(=O)O,Cd,6.62354,4.38431,6.61706,0.7077659901369175,0.3700980392156863,0.010408834550228245,257.4707206367089,69
MIXZOK,OC(=O)c1ccc(cc1)c1cc(cc(c1)c1ccc(cc1)C(=O)O)c1cc(cc(c1)c1cc(cc(c1)c1ccc(cc1)C(=O)O)c1ccc(cc1)C(=O)O)c1cc(cc(c1)c1ccc(cc1)C(=O)O)c1ccc(cc1)C(=O)O,Ni,11.78867,8.76829,11.78327,0.735892567993867,0.3717277486910995,0.06520558389230487,60.54846913180618,78
MOGMIE,OC(=O)c1ccc(c(c1)N)C(=O)O,La,3.1042,1.32774,3.1042,0.6618202361151071,0.12258064516129032,0.01439011667911678,15.563456202338958,38
MOWMOC,OC(COc1cc(cc(c1)C(=O)O)C(=O)O)COc1cc(cc(c1)C(=O)O)C(=O)O,Zn,3.31543,1.62638,3.31543,0.6952156586058797,0.09237668161434978,4.154701649779535e-05,86.6478604315975,16
MOXDIN,OC(=O)c1ccc(cc1)C(=O)O,Co,6.88486,5.60834,6.87795,0.8361320044753242,0.415929203539823,0.01806205326467575,241.6285952774679,320
MOXDIN01,OC(=O)c1ccc(cc1)C(=O)O,Co,6.87631,5.61485,6.86935,0.8199347204608317,0.4085545722713864,0.017655303236359048,237.09833336308466,320
MUFSOX,OC(=O)c1cc(cc(c1)n1cncc1)C(=O)O,Er,1.9271,0.84743,1.9271,0.8012827544757973,0.0449438202247191,1.8388480980972072e-05,3.290156740810364,33
NABLIM,OC(=O)c1cc(cc(c1)C(=O)O)C(=O)O,Cd,1.73608,1.03057,1.69642,0.6773354663478656,0.3553921568627451,0.009888562021016038,246.64881451474992,69
NAVWEN,O=C(Nc1ccncc1)Nc1ccncc1,Zn,3.98216,2.31665,3.97834,0.6723596094133867,0.010762331838565023,1.8126507647328575e-06,9.759548782226057,16
NEXVET,OC(=O)c1ccc(cc1)C(=O)O,Zn,15.06621,7.94974,15.06621,0.6760925125781998,0.5443946188340807,0.00304222566137069,533.0184171878269,16
NICZAA01,c1ncn(c1)Cc1c(Cn2cncc2)c(Cn2cncc2)c(c(c1Cn1cncc1)Cn1cncc1)Cn1cncc1,Cd,5.41994,3.81716,5.41947,0.6878811430781255,0.7575757575757576,0.06743194822150987,21.742283334996046,43
NIFQUR,Cc1ncc[nH]1,Zn,11.01885,3.65916,11.01885,0.8243306388700965,0.8494623655913979,0.004327129241140663,71.62927383403856,6
NIFRUS,Cc1ncc[nH]1,Zn,11.41817,3.36183,11.41817,0.952240504504022,0.881720430107527,0.005045206892456432,74.42922884568328,6
NIFSON,Cc1ncc[nH]1,Zn,10.52274,3.37948,10.52274,0.8234912372890411,0.881720430107527,0.004907662147774548,74.25625704246691,6
NIGPOL01,OP(=O)(c1cccc(c1)P(=O)(O)O)O,U,4.14069,2.71174,4.14069,1.0,0.2191780821917808,0.0005059177400031549,14.57525456275122,274
NIKJIB,OC(=O)c1ccc(cc1)/C/1=C/2\C=CC(=N2)/C(=c/2\cc/c(=C(\C3=N/C(=C(\c4[nH]c1cc4)/c1ccc(cc1)C(=O)O)/C=C3)/c1ccc(cc1)C(=O)O)/[nH]2)/c1ccc(cc1)C(=O)O,Er,7.23675,3.61132,6.64295,0.7904832999104532,0.1797752808988764,3.7016941386563875e-05,13.250121063193118,33
NIKZAJ02,OC=O,Fe,4.67168,3.69107,4.66273,1.0,0.8705882352941177,0.0016086038790103549,73.87097489518297,5
NIMWEN,OC(=O)c1cc(Cl)cnc1,Cd,2.19242,1.00458,2.19242,0.6558883082531587,0.0661764705882353,0.00027929619260374963,44.14478261775331,69
NINVAI,OC(=O)c1cc(cc(c1)C(=O)O)C(=O)O,Fe,11.26744,4.85167,11.25966,0.6300098761993431,0.4492753623188406,0.04496109083949551,54.04570202707795,109
NIRPIQ,OC(=O)c1cc(cc(c1)C(=O)O)c1cc(cc(c1)C(=O)O)C(=O)O,Al,6.92636,6.7753,6.92636,0.7185011953731686,0.5362318840579711,0.004783392374099142,32.397134892915616,20
NIWQIV,OC(=O)c1ccc(cc1)C(=O)O,Ni,1.7015,0.7947,1.69943,0.9035059620337602,0.418848167539267,0.0972657574663166,67.93407791862872,78
NIWYID,OC(=O)c1cc(cc(c1)C(=O)O)C(=O)O,Zn,5.21269,3.60275,5.19714,0.6750069034616609,0.4717488789237668,0.0037859734129304695,456.79647487109025,16
NIWZIE18,OC=O,Mg,2.95153,2.47294,2.95153,0.9411825245659183,0.8809523809523809,0.0019234550936402992,73.8480702609019,145
NOFZEO,OC(=O)c1ccc(cc1)C(=O)O,Dy,2.15567,1.32746,2.0953,0.8959840360195908,0.5575221238938053,0.06959519455217036,54.411651498202446,355
NUCBIY,OC(=O)c1ccc(cc1)c1c(C)n[nH]c1C,Zn,5.08799,3.8791,5.08799,0.6737719054331179,0.12197309417040358,0.00015649079559775834,113.11851864867877,16
NUCRIN01,OC(=O)c1ccc(cc1)c1nnn[nH]1,Zn,3.45323,2.12894,3.45323,0.6808010974306781,0.1273542600896861,2.7424645286896224e-05,118.94377255277442,16
NUNNUH,OC(=O)c1cc(cc(c1)C(=O)O)C(=O)O,Ni,5.80612,4.32228,5.66677,0.6066849446658135,0.38219895287958117,0.01840727390751439,62.79538600403358,78
NURGIS,OC=O,Mn,3.66423,1.95808,3.66423,0.9122223452049639,0.8370786516853932,0.0007157459405467746,148.9040432931472,96
NURMUJ,OC(=O)c1cc(cc(c1)C(=O)O)C(=O)O,Zn,2.25679,1.05044,2.25679,0.6859375016064513,0.45022421524663675,0.003334603056552593,435.67960764438646,16
OBOGUK,OC(=O)c1cc(cc(c1)Oc1cc(cc(c1)C(=O)O)C(=O)O)Oc1cc(cc(c1)C(=O)O)C(=O)O,Zn,8.47747,6.13699,8.47747,0.6787188787240073,0.17668161434977578,0.0003740072767118365,166.58064958826037,16
OCUQIO03,OC=O,Cu,4.17188,2.38872,4.16801,1.0000000000000002,0.8805970149253731,0.0022469749268066662,58.94842646957271,35
ODEJOY,CCCCC1(CCCC)c2cc(ccc2c2c1cc(cc2)C(=O)O)C(=O)O,Mn,3.29021,1.21334,3.24274,0.6321158229981647,0.006289308176100629,0.0,2.7405642510389767,80
ODOXEK,OC(=O)c1cc(cc(c1)C(=O)O)C(=O)O,Cd,5.23075,4.24424,5.23075,0.6320628049909133,0.3492647058823529,0.007718583933324168,243.58586445222005,69
OFEREX,OC(=O)c1cc(cc(c1)C(=O)O)C(=O)O,Eu,5.9722,5.55607,5.9722,0.7627895098387601,0.39837398373983746,0.051588302045241514,83.89401672590992,208
OFERUN01,Cc1ncc[nH]1,Zn,2.41475,1.57523,2.40073,0.9607738784318858,0.8494623655913979,0.009347678559245278,71.07791164116387,6
OFOQUY,OC(=O)c1ccc(cc1)c1cc(c2ccc(cc2)C(=O)O)c(cc1c1ccc(cc1)C(=O)O)c1ccc(cc1)C(=O)O,Ca,4.66039,4.08055,4.66039,0.7789683399776614,0.4482758620689655,0.005898525300345399,44.608075105134304,44
OGIYAF,OC=O,Co,4.13297,2.66215,3.95903,1.0,0.8507462686567164,0.0023755057759709645,56.92610503866254,197
OHIHUJ,OC(=O)c1cccc(c1)C(=O)O,La,4.46285,1.64507,4.22668,0.5165664029554001,0.2967741935483871,0.04184810726201257,38.71001207241723,38
OJOQAF,n1ccc(cc1)c1ccncc1,Cu,1.86,0.96546,1.78317,0.7976696624911165,0.49327354260089684,0.03164314085103989,94.12666509500822,46
OKIVIO01,Nn1c(nnc1c1cccc(c1)c1ccncc1)c1cccc(c1)c1ccncc1,Cd,5.17829,4.20629,5.17829,0.8414546865636078,0.6956521739130435,0.0017352436728671446,47.26324466156501,30
OKIWUB,Nn1c(nnc1c1cccc(c1)c1ccncc1)c1cccc(c1)c1ccncc1,Cd,5.13164,4.15934,5.13164,0.8381893636395797,0.6521739130434783,0.001345270625273785,44.445604164684,30
OQETEK,OC(=O)c1ccc(cc1)c1cc(cc(c1)C(=O)O)C(=O)O,Yb,9.17183,8.86311,9.17183,1.0,0.5750000000000001,0.006456435408557521,20.049896873694784,63
OQIZUL,OC(=O)c1cc(cc(c1)C(=O)O)C(=O)O,Cu,11.20089,3.36362,11.19836,0.6071906510348137,0.48703494926719276,0.004980588042912204,374.8152658969377,7
OTOVEA,OC(=O)c1ccncc1F,Cd,3.09145,2.13165,3.09145,0.9166374276735786,0.024509803921568627,0.0004175274481398458,16.445793125941613,69
OXEMOV,OC(=O)c1cccc(c1)c1ccc(cc1)c1cccc(c1)C(=O)O,Mn,2.44804,1.80672,2.42371,0.7362474696664064,0.2348008385744235,0.002542569684547862,93.97627876143694,80
OXUPIH,OP(=O)(c1ccc(cc1)P(=O)(O)O)O,U,2.6763,0.96508,2.66162,0.6263403148042233,0.2191780821917808,0.00068938153648065,14.785432121612086,274
PADKIP24,OC=O,Mn,4.32417,2.26682,4.20318,0.8576323704277444,0.8314606741573034,0.0007168836409943874,147.9083951349184,96
PAMTOO,OC(=O)c1ccc(cc1)COc1cc(cc(c1)C(=O)O)C(=O)O,Dy,12.35255,4.74415,12.341,0.7714589571257091,0.21238938053097345,0.005904218869935717,19.941046082485272,355
PAQYIR,OC(=O)c1cc(cc(c1)c1cccnc1)C(=O)O,Zn,1.92892,1.07246,1.92163,0.6719084059825926,0.12825112107623318,0.0010609877049800888,119.98798208977838,16
PARKUQ01,OC(=O)c1cc(cc(c1)C(=O)O)C(=O)O,Cd,6.67552,5.18428,6.65544,0.6649940054899246,0.36151960784313725,0.008618535831632934,251.9516009000093,69
PEFRID,OC(=O)c1ccc(nc1)c1ccc(cn1)C(=O)O,Sm,8.86131,6.56533,8.86131,0.8220973701912313,0.10112359550561797,0.0004916643753655638,7.855543460470132,525
PEFWAB,OC(=O)c1ccc(c2c1cccc2)C(=O)O,Mn,4.94039,1.92583,4.937,0.6557869562461675,0.031446540880503145,0.001143283540911445,13.175832302017378,80
PEPFAT,OC(=O)c1cc(cc(c1)C(=O)O)C(=O)O,Zn,10.91652,6.84227,7.6972,0.6715372429784059,0.4618834080717489,0.003333700795251092,447.0268175166495,16
PIKBUH,OC(=O)c1cc(ccc1O)S(O)(O)O,Rb,2.48397,0.87556,1.7721,1.0,0.1,0.09999999999999999,1.8332015363408893,98
PIXLOA,OC(=O)c1cc(cc(c1)Oc1ccccc1C(=O)O)Oc1ccccc1C(=O)O,Nd,7.86583,6.47906,7.86583,0.7371710184271569,0.0390625,0.006082723213819366,4.1681982837803115,92
POBNEB01,OC=O,Mn,4.22984,1.90436,4.22724,0.8114982890146282,0.8426966292134831,0.0007108849079709617,149.8079244517984,96
POSGOV,OC(=O)c1ccc(cc1)c1cnc[nH]1,Zn,5.67238,4.30947,5.67238,0.6721901263149976,0.1210762331838565,6.700177652659963e-06,111.85779638715186,16
PUGHIK,OC(=O)c1ccc(cc1)S(=O)(=O)c1ccc(cc1)C(=O)O,Mn,4.42244,1.57811,4.41397,0.6378937172248091,0.1278825995807128,8.662114826480233e-05,51.779888613356846,80
PULQUK,OC(=O)c1ccc(cc1)C(=O)O,Cd,6.04194,5.67362,6.04194,0.8153783794845995,0.38480392156862747,0.015388553696778677,269.0317862311042,69
PUNYED,OC(=O)c1cc(cc(c1)C(=O)O)C(=O)O,Co,3.92513,1.62397,3.81577,0.744155127955058,0.37905604719764013,0.015221068703566348,218.45086412881207,320
PURJES,OC(=O)c1ccc(cc1)OCC(COc1ccc(cc1)C(=O)O)(COc1ccc(cc1)C(=O)O)COc1ccc(cc1)C(=O)O,Zn,6.1741,5.21501,6.1741,0.6905326548130921,0.11659192825112108,0.00014181713783284881,111.38063206206093,16
QAWHIH,OC(=O)c1cc(cc(c1)C(=O)O)C(=O)O,Cu,6.30141,2.20734,6.30141,0.6244738296242309,0.5174746335963923,0.00570130271532055,398.3445163027805,7
QAWHIH01,OC(=O)c1cc(cc(c1)C(=O)O)C(=O)O,Cu,6.30145,2.22527,6.30145,0.6163266299805666,0.5107102593010147,0.005634050057464768,393.1324107123244,7
QIRBOK,OC(=O)c1[nH]c(nc1C(=O)O)c1ccc(cc1)C(C)(C)C,Mn,3.96132,2.1643,2.90972,0.7277654005986434,0.0041928721174004195,0.0,1.7990512507614955,80
QISNAJ,OC(=O)c1cc(cc(c1)C(=O)O)C(=O)O,Cd,3.02828,1.66235,2.98599,0.6869392779602314,0.3676470588235294,0.009391288052732703,256.03199938901236,69
QISNEN,OC(=O)c1cc(cc(c1)C(=O)O)C(=O)O,Cd,3.02032,1.79944,2.86437,0.6631550367779172,0.35661764705882354,0.008926598680551713,248.38204252425052,69
QISNIR,OC(=O)c1cc(cc(c1)C(=O)O)C(=O)O,Cd,2.88913,1.92051,2.88913,0.6822869653345798,0.3639705882352941,0.009414086949442225,253.80405408939382,69
QIZLIW,OC(=O)c1cc(cc(c1)C(=O)O)C(=O)O,Cu,5.78801,3.76658,5.77909,0.6110028633724638,0.5050732807215332,0.005761693145056802,389.95322886463583,7
QOCKEZ,OC(=O)c1ccc(cc1)S(O)(O)O,Ba,1.87604,0.83338,1.83472,0.8769927775355209,0.1797752808988764,0.05454421308258145,13.584114664357477,26
QOKCAV,OC(=O)c1cc(OCc2ccc(cc2)COc2cc(cc(c2)C(=O)O)C(=O)O)cc(c1)C(=O)O,Mn,2.07009,1.2017,1.83894,0.6240728543345784,0.11320754716981132,0.0015490906248883083,45.80079142640443,80
QOTZEG,OC(=O)c1cc(cc(c1)C(=O)O)C(=O)O,La,5.73651,5.34589,5.73651,0.6733982284905815,0.34838709677419355,0.09133777976241364,46.06645536985557,38
QOVWOO,OC(=O)c1ccc(cc1)C(=O)O,Ga,2.95291,2.74179,2.95291,0.9639074672465879,0.7777777777777777,0.015194318777292675,19.287022849899955,194
QUJKAI,OC(=O)c1cc(O)c(cc1O)C(=O)O,Ca,1.88498,1.52704,1.88159,0.8299688614792784,0.08620689655172414,0.00575680984013586,8.900246660651591,44
QUSBIQ,OC(=O)c1ccc(cc1)C(=O)O,Cd,8.4207,8.22176,8.4207,0.8090204620796496,0.38480392156862747,0.014995651624050286,269.61263546800933,69
QUZZES,OC(=O)c1ccc(c2c1cccc2)C(=O)O,Mg,5.06119,3.4268,5.05315,0.7371298127037763,0.04424778761061947,2.8532799550498672e-05,4.426392300866055,236
RABWAS,OC(=O)c1cc(cc(c1)C(=O)O)C(=O)O,Ag,2.67638,1.90999,2.67638,0.5518043130668421,0.13063063063063063,0.02600649239789414,25.200295767576783,193
RACHUA,OC(=O)c1ccc2c(c1)CC1(C2)Cc2c(C1)ccc(c2)C(=O)O,Zn,10.96427,9.26912,10.96427,0.690532335556615,0.09506726457399103,3.3849774028484777e-06,87.0491940690001,16
RAGREY,n1ccc(cc1)c1ccncc1,Cu,6.91275,6.07316,6.90845,0.7832219065824828,0.4798206278026906,0.03178072508609328,91.59305375111288,46
RASFEY,c1ccc(c(c1)Cc1nnn[nH]1)Cc1nnn[nH]1,Zn,3.02738,1.6523,2.27035,0.606658510070844,0.023622047244094488,0.0162424977485362,2.4836041743700648,18
RATCUL02,OC=O,Fe,4.69429,3.72801,4.69429,0.9487456353392901,0.8823529411764706,0.0016353075441503326,74.86491628512181,5
RATCUL03,OC=O,Fe,4.73192,3.78375,4.73192,0.9377521707218084,0.8941176470588235,0.0017732369857283061,75.86040031260897,5
RAVFEB,OC(=O)c1cc(Cc2cc(cc(c2)C(=O)O)C(=O)O)cc(c1)C(=O)O,Tm,4.34325,2.75848,4.32919,0.9597971398760952,0.47368421052631576,0.002415404608387064,7.635301471099228,157
REJVOS,OC=O,Mg,4.91173,3.68096,4.89363,0.9479285933897744,0.8452380952380952,0.0017693292029637069,70.91981038222934,145
RISXAT01,OC(=O)c1ccc(cc1)C(=O)O,Ho,2.60783,1.54578,2.1498,0.9350109529223922,0.5555555555555556,0.1674468838313007,21.654107631403015,42
ROLCEC04,OC=O,Cu,2.8188,2.34679,2.81685,0.9230596720446937,0.8059701492537313,0.0016926342327831735,53.89977352740949,35
RUBTAK,OC(=O)c1ccc(cc1)C(=O)O,Zr,8.88001,3.79178,8.86514,0.6806181849215471,0.8539325842696629,0.011179945610655226,134.39680421501953,9
RUBTAK02,OC(=O)c1ccc(cc1)C(=O)O,Zr,8.98564,3.87578,8.98564,0.6824587539427576,0.848314606741573,0.012064772908964353,133.1337611223555,9
RUBTAK05,OC(=O)c1ccc(cc1)C(=O)O,Zr,8.72137,3.8551,8.72137,0.6715313136154456,0.8370786516853932,0.011570791346206373,131.75284777844308,9
RUBZIY01,OC(=O)c1ccc(cc1)C(=O)O,Pb,1.63272,1.1012,1.60884,0.6487047684269023,0.5159235668789809,0.03865073436559627,70.96124868003318,575
RUBZIY03,OC(=O)c1ccc(cc1)C(=O)O,Pb,1.63635,1.11153,1.63521,0.6313680942945588,0.5031847133757962,0.03688223186184683,69.23272134657581,575
RUFMUA01,OC(=O)c1cc(cc(c1)C(=O)O)C(=O)O,Ca,3.12768,1.28084,3.12567,0.7840325566401882,0.3620689655172414,0.018517296477490675,36.41526671668951,44
RUGXUO,Oc1cc(cc(c1)C(=O)O)C(=O)O,Zn,7.5603,5.28697,7.48576,0.6787873154347743,0.2807174887892377,0.0005424950473837921,265.9727608913778,16
SADLEQ,OC(=O)c1cc(cc(c1)C(=O)O)C(=O)O,Nd,6.11088,5.5919,6.10994,0.6508157298056061,0.3984375,0.04904241740532997,43.60364576684511,92
SAHYOQ05,OC(=O)c1ccc(cc1)C(=O)O,Zn,15.09968,7.91769,15.09968,0.683836630653617,0.5327354260089686,0.0029872985487059906,521.329041943799,16
SAXZIA,OC(=O)c1ccc(cc1)C(=O)O,Ba,1.80846,0.92887,1.78737,0.8150011247241908,0.3707865168539326,0.11750160656280483,28.264621633774695,26
SEBBOT,OC(=O)c1cccc(n1)C(=O)O,Sr,3.87221,1.01228,3.87221,0.7611441427793233,0.10294117647058823,0.007206389722216593,6.241137317605961,4
SEHXIN,OC(=O)c1cc(cc(c1)C(=O)O)C(=O)O,Eu,6.0459,5.63363,6.0459,0.7726568085686101,0.3902439024390244,0.054513923091885394,82.33970659859038,208
SEJHEV,C#Cc1ccc(cc1)C#N,Ag,2.32444,1.11067,2.3139,0.5255912918239469,0.0990990990990991,0.15980346364961773,17.95119653008532,193
SEQWOC,OC(=O)c1ccc(cc1)c1ccc(cc1)C(=O)O,Ce,2.65453,2.08649,2.64307,0.7153121350699416,0.37209302325581395,0.015145735738308477,28.114211566559824,172
SIKYER,OC(=O)c1ccc(cc1)C(=O)O,Eu,4.79281,3.13442,4.78856,0.7558753758828214,0.5365853658536586,0.026031379615956477,114.57864144648312,208
SIWPUL01,OC=O,Mn,3.494,1.86807,3.46774,1.0,0.8595505617977528,0.0007505465034830849,152.9031205398783,96
SIWPUL11,OC=O,Mn,3.73937,3.20845,3.73937,0.8515816820713789,0.848314606741573,0.0007274128996273149,150.50099905317865,96
SIZGEO,OC(=O)c1cc(cc(c1)C(=O)O)C(=O)O,Cd,4.71719,3.11365,4.26778,0.6590626759351,0.3541666666666667,0.008903197094381945,246.4189277357299,69
SIZGIS,OC(=O)c1cc(cc(c1)C(=O)O)C(=O)O,Cd,4.75692,3.2057,4.74915,0.6600316746922132,0.35784313725490197,0.008625915727606277,249.6580649491859,69
SOWCOY01,OC(=O)c1cc(cc(c1)n1cnnc1)C(=O)O,Zn,4.93273,3.95878,4.92819,0.6922048230659452,0.09147982062780269,0.00022362917651820943,86.6073727912381,16
SURHEU02,OC(=O)c1ccc(cc1)C(=O)O,Zr,8.70583,3.84427,8.70583,0.671114554240236,0.8370786516853932,0.011561991002861417,131.51685546238417,9
SUTBOZ,O=C1c2cc(ccc2c2c1cc(cc2)C(=O)O)C(=O)O,Ca,2.04286,1.36084,2.01365,0.8682664010284386,0.3706896551724138,0.0037324433624994153,35.18830037461374,44
TAMHUM,n1ccnc(c1)Cc1nccnc1,Ag,11.15569,7.259,11.15569,0.4732346500847308,0.08558558558558559,0.14887746558741485,17.204149425838544,193
TEPWOD,OC(=O)c1ccc(cc1)C(=O)O,Hf,7.64761,3.71421,7.64761,1.0,0.875,0.2571601104209799,18.03175011709466,198
TESGOO,OC=O,Zn,4.75594,3.62197,4.73557,0.8911822325650901,0.75,0.0014480899488106094,50.92391607381747,106
TEVDUV,OC(=O)c1cc(OCc2ccc(cc2)c2ccccc2C(=O)O)cc(c1)C(=O)O,Zn,4.06977,2.27608,4.06977,0.6960536738783835,0.034080717488789235,0.00019960511592394243,32.17599380695286,16
TIRLIQ,OC(=O)c1cccc(c1)C(=O)O,Zn,5.14726,4.04011,5.14496,0.6859473715571415,0.33542600896860986,0.0024103921299744977,317.1787348376677,16
TIVYAZ,OC(=O)c1cc(cc(c1)C(=O)O)C(=O)O,Co,7.23413,4.4149,7.23021,0.7829737107237708,0.4144542772861357,0.014329060568980105,238.098078816071,320
TOJWEV,Cc1cc(cc(c1)C(=O)O)C(=O)O,Er,4.25882,2.26069,4.24591,0.7879810862876131,0.29213483146067415,0.0021246431513927172,21.618752201638095,33
UCEXAC,OC(=O)c1ccc(cc1)C(=O)O,Tb,5.21548,1.93598,5.21548,0.6642715963773573,0.5538461538461539,0.026681611319831315,93.22772524646261,17
UCEXIK,OC(=O)c1ccc(cc1)C(=O)O,Ho,5.21716,1.93162,5.21716,0.9364265467196593,0.5111111111111112,0.19261743245583185,20.027507869548625,42
UDUMIP,OC(=O)c1cc(cc(c1)C(=O)O)C(=O)O,Ag,2.06917,0.73524,1.46506,0.5113747595744966,0.12162162162162161,0.023246584979877912,23.42454744702869,193
UDUMIP02,OC(=O)c1cc(cc(c1)C(=O)O)C(=O)O,Ag,2.03101,0.68399,2.03101,0.5940959700837511,0.13963963963963963,0.032622793619697776,26.78010490656079,193
UDUMIP03,OC(=O)c1cc(cc(c1)C(=O)O)C(=O)O,Ag,2.01566,0.70617,1.41686,0.45506455173138627,0.10810810810810811,0.025044898297363845,20.658573483734358,193
UFIRUX,OC(=O)c1ccc(cc1)C(=O)O,In,3.56507,1.92938,3.23481,0.788862285285078,0.686868686868687,0.015866867846063518,118.3120712555701,102
UGOSOY,n1ccc(cc1)c1nnc(o1)c1ccncc1,Cu,6.79374,4.83885,6.31675,0.8851521415902173,0.1210762331838565,0.0016013649886234965,23.592546097404718,46
UGOXUJ,CCO[P@@](=O)(c1ccc(cc1)/C=C/c1cccnc1)O,Mn,4.15855,2.3668,4.15855,0.654612279441808,0.0020964360587002098,0.0,0.8061913762137343,80
UKOYOJ,CCCc1nnn[nH]1,Cd,3.05254,1.72809,3.0479,1.0,0.55,0.007537783853573328,9.45927066744686,295
ULOGAE,OC(=O)c1cc(cc(c1)C(=O)O)C(=O)O,Cd,6.52865,5.22151,5.71538,0.6256200938764391,0.35049019607843135,0.007247358382518764,244.29654325621553,69
UNAGOH,OC(=O)c1cc(cc(c1)C(=O)O)C(=O)O,Zn,6.96079,6.02919,6.95596,0.6739844250696916,0.47085201793721976,0.0037440537005535585,454.47097575130755,16
UNISEQ01,O[C@H]([C@@H](C(=O)O)O)C(=O)O,Li,1.271,0.71679,1.1364,1.0,0.8695652173913043,0.007007827054266683,19.984037493014323,57
UPOSIC,c1ccc(cn1)/C/1=C/2\C=CC(=N2)/C(=c\2/cc/c(=C(/C3=N/C(=C(\c4[nH]c1cc4)/c1cccnc1)/C=C3)\c1cccnc1)/[nH]2)/c1cccnc1,Cd,2.93249,1.61596,2.93249,0.9732049483995729,0.004901960784313725,0.0017433253822316116,3.506128511146723,69
UVETUL,OC(=O)c1cc(cc(c1)n1cnnc1)C(=O)O,Mn,2.16923,1.10122,2.16593,0.620608726866094,0.07127882599580714,1.816616446003298e-05,29.253575693405665,80
VACFUB01,OC(=O)c1ccncc1,Zn,8.54681,8.3547,8.54681,0.6793716942399273,0.2520179372197309,0.003310147082574599,237.34819986377332,16
VAKLIF,OC(=O)c1ccc(cc1)C(=O)O,Cd,8.6135,7.01422,8.59188,0.8679378328763957,0.3995098039215686,0.017198833284066257,279.77849000694977,69
VAKREG,OC(=O)c1ccc(cc1)C(=O)O,Co,7.50217,4.98613,7.49171,0.8161871068464508,0.4144542772861357,0.01670338760455323,240.71457915427848,320
VAKRIK,OC(=O)c1ccc(cc1)C(=O)O,Co,7.14118,5.26395,7.13544,0.7743706816603679,0.40412979351032446,0.014648104935924363,234.71493409046295,320
VANNEG,OC(=O)c1ccc(cc1)C(c1ccc(cc1)C(=O)O)(c1ccc(cc1)C(=O)O)c1ccc(cc1)C(=O)O,U,9.32155,7.00409,9.28463,0.8193431434696264,0.1643835616438356,0.0014922616524397888,10.444441105879719,274
VASYAS,OC(=O)c1cc(cc(c1)c1ccccc1)C(=O)O,Cd,5.71062,2.22018,5.71062,0.7191324905797307,0.14950980392156862,0.0008471441366805357,103.11807948350177,69
VEGMIE,OC(=O)c1ccc(cc1)C(=O)O,Co,7.12647,5.15325,7.1174,0.8112770968759329,0.41297935103244837,0.01648156271130898,240.0083264221828,320
VEGMIE01,OC(=O)c1ccc(cc1)C(=O)O,Co,6.88799,5.06176,6.72004,0.8039730224183372,0.4056047197640118,0.016787416868384638,234.9687961355527,320
VEHJUP,OC(=O)c1cc(cc(c1)C(=O)O)C(=O)O,Zn,11.22906,6.83408,11.22906,0.6737847717092966,0.4789237668161435,0.0038178223243033474,463.3754916829631,16
VEJPEH,OC(=O)c1ccc(cc1)/C=C/c1cnc[nH]1,Cd,3.1493,1.20504,3.1476,0.6520901846199442,0.023284313725490197,0.007339237538595479,15.84157182175424,69
VEMSUC,OC(=O)c1cc(cc(c1)C(=O)O)C(=O)O,Ni,5.13248,3.64573,5.11696,0.6383230110783562,0.4083769633507854,0.015847155786009332,67.59858633970516,78
VEMTAJ01,OC(=O)c1cc(cc(c1)C(=O)O)C(=O)O,Co,5.12179,3.8555,5.10283,0.7864854455314877,0.3967551622418879,0.01654494429145093,228.01284264347046,320
VIFPUY,OC(=O)c1ccc(cc1)C(=O)O,In,14.83762,14.54314,14.82815,0.763060807721794,0.7121212121212122,0.012227679397688757,123.38773583539044,102
VIKRUF,OC(=O)c1ccc(cc1)c1cc2c(cc1c1ccc(cc1)C(=O)O)c1cc(c3ccc(cc3)C(=O)O)c(cc1c1c2cc(c2ccc(cc2)C(=O)O)c(c1)c1ccc(cc1)C(=O)O)c1ccc(cc1)C(=O)O,Zr,12.90856,5.36267,12.90855,0.6840295612406806,0.5561797752808989,0.001370673378204643,85.70795851162131,9
VINKEL,Oc1ccc(cc1)S(=O)(=O)c1ccc(cc1)O,Ca,3.83808,2.91827,3.83808,0.9617552779412509,0.13793103448275862,6.77222352182086e-05,13.465407646602424,44
VIZTOP,c1ccc(nc1)c1nnc(n1c1ccncc1)c1ccccn1,Cd,4.75174,2.06138,3.79652,0.6668357543246989,0.003676470588235294,0.0,2.7641810863274685,69
VOQXIK,OC(=O)c1cc(cc(c1)C(=O)O)C(=O)O,Li,5.60402,1.71316,5.597,0.8528893446468376,0.6,0.02781882854966006,25.59108521699174,88
VORSAY,OC(=O)c1cc(ccc1c1ccncc1)C(=O)O,Cd,5.68427,4.5137,5.68427,0.9158408730739275,0.10416666666666667,0.002700725660432622,71.69042270517822,69
VOXKIE,OC(=O)c1ccc(cc1)C(=O)O,Tb,5.28435,3.65176,5.28378,0.7322357042908106,0.5846153846153846,0.03587450321335573,98.53575817281639,17
VUGXEC,OC(=O)[C@@H]1C=CN(C=C1)Cc1c(C)c(CN2C=C[C@H](C=C2)C(=O)O)c(c(c1C)CN1C=C[C@H](C=C1)C(=O)O)C,Pr,6.29379,5.18002,6.28662,0.71694476579812,0.0196078431372549,0.0,1.8504960266250101,15
VUJBEI,OC(=O)c1cc(C#Cc2cc(C#Cc3cc(cc(c3)C(=O)O)C(=O)O)cc(c2)C#Cc2cc(cc(c2)C(=O)O)C(=O)O)cc(c1)C(=O)O,Zn,18.45826,4.92727,18.45826,0.6848174634687967,0.1273542600896861,2.645054379577145e-05,121.61115908521066,16
VUKTUS,OC(=O)c1ccc(cc1)Oc1ccc(cc1)C(=O)O,Dy,6.57621,4.50335,6.57152,0.773101495122019,0.2920353982300885,0.002383224348339235,28.40325182150527,355
WAVXUO,[O-][n+]1ccc(cc1)c1ccc(cc1)C(=O)O,Mn,3.63297,1.21101,3.63297,0.6301209851233789,0.12368972746331237,0.0006186512647535259,49.7348473195931,80
WAYWAW,Cc1ncc(nc1)C,Cu,1.66291,0.90724,1.61743,0.7882535105817555,0.19047619047619047,0.09523809523809523,3.699395538471499,147
WECSAZ,OC(=O)c1ccc(cc1)C(=O)O,Eu,2.76281,1.15379,2.76281,0.7267899046359498,0.5365853658536586,0.021470291703920546,114.50002995638546,208
WECSAZ01,OC(=O)c1ccc(cc1)C(=O)O,Eu,2.8623,1.33201,2.8623,0.7393129260597694,0.5447154471544716,0.021989264994236132,116.35932944933518,208
WEHJAW,OC(=O)c1cc(OCC(COc2cc(cc(c2)C(=O)O)C(=O)O)(COc2cc(cc(c2)C(=O)O)C(=O)O)COc2cc(cc(c2)C(=O)O)C(=O)O)cc(c1)C(=O)O,Zn,9.28031,5.95819,9.28031,0.6746607892669039,0.11031390134529148,0.00027711024457918905,105.07907577824548,16
WEMWAP,OC(=O)c1ccc(cc1)C(n1cncn1)c1ccc(cc1)C(=O)O,Zn,5.94074,1.92983,5.94074,0.6725766037825863,0.07533632286995516,2.254023935240408e-06,68.29925050374887,16
WEYQAU10,OC(=O)c1cc(cc(c1)C(=O)O)C(=O)O,Mn,4.56818,3.83214,4.56487,0.6438587130067295,0.4255765199161426,0.010467538950058013,173.44033934597604,80
WEZNUM,OC(=O)c1cc(C(=O)O)c(cc1C(=O)O)C(=O)O,Zn,3.34297,1.62297,3.33476,0.6728158488123034,0.13721973094170403,0.0018375070062497032,130.6930503735665,16
WISTID,OC(=O)c1ccc(cc1c1cc(ccc1C(=O)O)C(=O)O)C(=O)O,Zn,5.36318,3.73475,5.35441,0.6878573224930168,0.24753363228699551,0.0031308427778952252,231.5796859447351,16
WOQJES04,NCCCCN,Zn,1.7615,0.99591,1.75793,0.8952690849062741,0.2328767123287671,0.0004387101989841716,15.613903794677215,0
WUCRUH,OC(=O)c1cc(cc(c1)C(=O)O)C(=O)O,Fe,2.97903,2.13424,2.94997,0.6585164625741686,0.5,0.040373674616259486,60.37393016917203,109
WULBEM,OC(=O)c1ccc(cc1)N(=O)=O,K,1.55877,1.00098,1.55877,1.0,0.45,0.5498206050552855,14.900727981269748,82
WULJUJ,OC(=O)c1cc(cc(c1)C(=O)O)C(=O)O,Cu,13.25803,6.70085,11.14797,0.607504842671643,0.5062006764374295,0.004809819853057302,390.37335450568156,7
WUVYOC,[O-][n+]1cccc(c1)C(=O)O,Mn,3.92173,1.29554,3.89988,0.6614248139002525,0.023060796645702306,2.183780641414042e-05,9.40862166533838,80
XAMDUM,OC(=O)c1cc(cc(c1)C(=O)O)C(=O)O,Cu,11.16438,5.2621,11.16437,0.6176443162441552,0.5140924464487034,0.005013005737482131,396.52331994022484,7
XAMDUM02,OC(=O)c1cc(cc(c1)C(=O)O)C(=O)O,Cu,11.10488,5.27829,10.82968,0.6172307509462509,0.5129650507328072,0.005366285903655075,394.0376986332341,7
XAMDUM06,OC(=O)c1cc(cc(c1)C(=O)O)C(=O)O,Cu,11.08896,5.20474,11.08896,0.6175293152918934,0.5152198421645997,0.00475338208303229,397.0512448220777,7
XAPNIN,OC(=O)c1cc(cc(c1)C(=O)O)C(=O)O,Zn,6.36937,5.09614,6.24616,0.6960015903794102,0.473542600896861,0.0036691763109740483,457.6423767241715,16
XAPSIS,OC(=O)c1cc(cc(c1)C(=O)O)C(=O)O,Co,5.36479,4.38839,5.34395,0.7672071785119406,0.3952802359882006,0.015226354613917758,227.27065945286773,320
XAVDIJ,OC(=O)c1ccc(cc1)C(=O)O,V,7.35436,6.79439,7.35436,0.9354565767353891,0.9354838709677419,0.0029925798900250784,53.960750476965075,59
XAVQIU,OC(=O)c1cc(cc(c1)C(=O)O)C(=O)O,Co,2.22283,1.1144,2.20271,0.8211973866974871,0.40412979351032446,0.018410666175213676,231.86995660878276,320
XAVQIU01,OC(=O)c1cc(cc(c1)C(=O)O)C(=O)O,Co,2.30147,1.10209,2.29002,0.8022324624703701,0.4026548672566372,0.017099722939886743,231.38470956897154,320
XEBHOB,OC(=O)CCP(=O)(O)O,Mn,2.5042,0.71046,2.5042,0.6579253771450289,0.3793103448275862,0.24796790103728214,9.083664319819917,187
XEFGUN01,OC(=O)c1ccc(cc1)C(=O)O,Cd,2.49244,1.35452,2.48506,0.9554909359074091,0.4166666666666667,0.02087405505595213,291.3749524734572,69
XEHRUY,OC=O,Mg,4.75094,3.73804,4.73309,0.9493754983310991,0.8928571428571428,0.0018256230778293551,74.88987909455362,145
XEXPUN,OC(=O)c1cc(nc(c1)c1ccncc1)c1ccncc1,Zn,2.97252,1.44092,2.97252,0.687511483455686,0.1147982062780269,0.00066292910832114,105.49734402398565,16
XIGFEY,NCCN,Zn,1.52379,0.87957,1.45585,0.5636534070602152,0.2054794520547945,0.0002961903646835153,13.266191927864506,0
XOHLEM,OC(=O)c1cc(cc(c1)C(=O)O)C(=O)O,Zn,5.02522,4.04824,5.02522,0.6865143152084816,0.4726457399103139,0.0036237433427973795,456.5864224395628,16
XUJPOI,OC(=O)c1cc(cc(c1)C(=O)O)C(=O)O,Ni,5.22333,3.76094,5.20942,0.6179302641059606,0.387434554973822,0.01961009855731197,63.61059927469728,78
YANBAR,OC=O,Co,4.95969,3.80563,4.94609,0.9167375426113712,0.8507462686567164,0.0023698997068650586,56.87225410808051,197
YANWOC,OC=O,Mn,3.57342,2.19569,3.57037,0.9337009076042035,0.848314606741573,0.0007225261669807966,150.9238590269354,96
YANXIX,OC=O,Zn,3.5563,2.15409,3.48016,1.0,0.9264705882352942,0.002372119408299284,62.950033608153916,106
YAWKOX,OC(=O)CCCC(=O)O,Pr,7.42586,6.54227,7.42586,0.9545924318513198,0.8260869565217391,0.012254519680118378,17.189795355568254,120
YAXBUV,OC(=O)c1ccc(cc1)C(=O)O,Fe,2.90847,1.80574,2.87941,0.6014707179364995,0.5652173913043478,0.015167233130668019,68.76120160095267,109
YAXBUV02,OC(=O)c1ccc(cc1)C(=O)O,Fe,2.84937,1.70623,2.84937,0.6106734483017869,0.572463768115942,0.015594445125882246,69.60591824254895,109
YAXCAC,OC(=O)c1ccc(cc1)C(=O)O,Fe,2.18791,1.27624,2.10855,0.6910993290211069,0.6376811594202899,0.0186412892557692,77.76123561173671,109
YEVTOL,OC(=O)c1cc(OCc2c([C])c(COc3cc(cc(c3)C(=O)O)C(=O)O)c(c(c2[C])COc2cc(cc(c2)C(=O)O)C(=O)O)[C])cc(c1)C(=O)O,Zn,13.17112,8.32118,10.94313,0.6827836343308009,0.09058295964125561,0.00019617284423879857,84.56156217876809,16
YEYDUE,OC(=O)c1cc(cc(c1)C(=O)O)c1cc(cc(c1)C(=O)O)C(=O)O,Al,6.96088,6.8816,6.96088,0.970419852829742,0.5652173913043478,0.004718676749753916,34.26997969587474,20
YEYLUJ,n1ccc(cc1)c1ccncc1,Ag,5.22062,3.33528,5.21962,0.738456621774699,0.09009009009009009,0.4470756941362918,16.831513351375175,193
YEYRAY,OC(=O)c1cc(cc(c1)C(=O)O)C(=O)O,Cd,6.55345,4.85203,6.55345,0.6496209712458582,0.3517156862745098,0.008541669070606609,245.13417859723734,69
YINPEQ,OC(=O)c1ccc(cc1)C(=O)O,Cd,9.47139,8.23796,9.47139,0.9145677688956363,0.4117647058823529,0.018876258395082283,288.62748805013945,69
YIXFOC,OC(=O)c1ccc(cc1)C(=O)O,Eu,4.73078,2.44362,4.67449,0.7393736673974423,0.5284552845528456,0.024874079536799192,112.76146982722186,208
YIXFUI,OC(=O)c1ccc(cc1)C(=O)O,Tb,4.75838,2.38182,4.75838,0.7367607606343738,0.5948717948717949,0.03455451952156755,99.91982277548762,17
YOXYAN,OC(=O)CCC(=O)O,Co,1.96135,1.33572,1.96135,0.9989448186810943,0.9130434782608695,0.011850510955370288,19.828542678115202,303
YOZMIL,OC(=O)c1cc(cc(c1)C(=O)O)C(=O)O,Cu,11.11794,5.18627,11.09306,0.6090279014657786,0.508455467869222,0.0046143296615239054,391.821300840503,7
YOZNAE,OC(=O)c1cc(cc(c1)C(=O)O)C(=O)O,Cu,11.14697,5.13583,11.14697,0.6130713664669873,0.5107102593010147,0.0048277870832676845,394.37656133210595,7
YOZNIM,OC(=O)c1cc(cc(c1)C(=O)O)C(=O)O,Cu,11.12048,5.20079,11.11284,0.6078374250883818,0.5062006764374295,0.00481693199908385,390.9700375854852,7
YOZNUY,OC(=O)c1cc(cc(c1)C(=O)O)C(=O)O,Cu,11.10795,3.3277,11.10795,0.606825392126131,0.503945885005637,0.005289979265220553,387.87473910288367,7
YUHHEQ,OC(=O)c1cc(O)c(cc1O)C(=O)O,Ba,2.4024,1.40387,2.37378,0.8104273710574551,0.056179775280898875,0.011198684421653546,4.426692632742106,26
YUHMAR,CCCCc1[nH]nc(n1)CCCC,Cu,2.77727,1.59339,2.71809,0.7840082640824841,0.5384615384615384,0.28498464571566245,17.50625114751086,1
YUKVOQ06,OC=O,Cu,4.283,2.42002,4.26573,0.8210567365819628,0.9104477611940298,0.0023616241689120403,60.94003389321497,35
YUPSEI,Nc1cc(cc(c1)C(=O)O)C(=O)O,Pr,3.13386,1.72779,3.13386,0.6995359657498388,0.22549019607843138,0.04516078144577154,19.25040358268979,15
ZAZBUZ,OC(=O)c1ccc(cc1)C(=O)O,Cu,5.79954,5.40061,5.79954,0.8799136869404072,0.419391206313416,0.0831752567642488,315.37558833552885,7
ZEDVOV,OC(=O)c1ccc(cc1)C(=O)O,Nd,9.34618,7.31645,9.27345,0.6691221091705988,0.4140625,0.045329934501713645,45.76573232225022,92
ZEDWAI,OC(=O)c1ccc(cc1)C(=O)O,Tb,6.92622,5.92937,6.91142,0.6933484073698595,0.5641025641025641,0.03132052078352696,95.09126409597903,17
